question,key,policy,width,depth,precision,peak_base_lr,status,final_validation_loss,elapsed_seconds,call_id,run_url,submitted_at_utc
p41a,mup-w2560-d2-lr0.003-fp32,mup,2560,2,fp32,0.003,finished,7.163210511207581,24.161026805,fc-01M47W8FHJ3CFW97PMRCFNDA59,,2026-10-06T05:51:21.742616+00:00
p41c,completep-w64-d100-lr0.003-mp,completep,64,100,mp,0.003,finished,7.985976159572601,30.503053299,fc-01M47W9PP27QBVQQ6P1P83N3CH,,2026-10-06T05:52:01.807439+00:00
p41a,mup-w5120-d2-lr0.003-fp32,mup,5120,2,fp32,0.003,finished,7.2428465485572815,87.924020487,fc-01M47WDKH3XJSEBS3JPK80S1G1,,2026-10-06T05:54:09.686051+00:00
p41c,completep-w64-d1000-lr0.003-mp,completep,64,1000,mp,0.003,finished,7.956071853637695,281.811007024,fc-01M47WE6NGQNXC126XBCMP5Z2H,,2026-10-06T05:54:29.261648+00:00
p41a,kaiming-w640-d2-lr0.0003-fp32,kaiming,640,2,fp32,0.0003,finished,7.720380425453186,4.865785254,fc-01M47WP845VCE9K2WRKGK9DA23,,2026-10-06T05:58:52.895227+00:00
p41a,kaiming-w640-d2-lr0.001-fp32,kaiming,640,2,fp32,0.001,finished,7.068822741508484,2.5463022360000007,fc-01M47WP88BMEKDQQHXF4NMK2E9,,2026-10-06T05:58:53.018878+00:00
p41a,kaiming-w640-d2-lr0.003-fp32,kaiming,640,2,fp32,0.003,finished,7.56915420293808,2.5311320140000007,fc-01M47WP8C7K03YMS5EZ6E5CKGS,,2026-10-06T05:58:53.145244+00:00
p41a,kaiming-w640-d2-lr0.01-fp32,kaiming,640,2,fp32,0.01,finished,8.844190120697021,2.533396646,fc-01M47WP8G4JKT5PQFHTMDDQAH3,,2026-10-06T05:58:53.267821+00:00
p41a,kaiming-w640-d2-lr0.03-fp32,kaiming,640,2,fp32,0.03,finished,16.324169516563416,2.5152730650000024,fc-01M47WP8M2KDBP79WZP34DQBCC,,2026-10-06T05:58:53.397009+00:00
p41a,kaiming-w2560-d2-lr0.0003-fp32,kaiming,2560,2,fp32,0.0003,finished,7.425021171569824,20.668579604,fc-01M47WP8QZC1SB1XDY2NBDDN39,,2026-10-06T05:58:53.530089+00:00
p41a,kaiming-w2560-d2-lr0.001-fp32,kaiming,2560,2,fp32,0.001,finished,8.57054591178894,20.648828497000004,fc-01M47WP8WAR88E6REB843V4V4S,,2026-10-06T05:58:53.655758+00:00
p41a,kaiming-w2560-d2-lr0.003-fp32,kaiming,2560,2,fp32,0.003,finished,9.810385465621948,20.16147615700001,fc-01M47WP908RCHGHQHKKV0V1AZR,,2026-10-06T05:58:53.788129+00:00
p41a,kaiming-w2560-d2-lr0.01-fp32,kaiming,2560,2,fp32,0.01,finished,18.860877871513367,20.484656610000002,fc-01M47WP946NGKY5QZSRF99RCH4,,2026-10-06T05:58:53.907856+00:00
p41a,kaiming-w2560-d2-lr0.03-fp32,kaiming,2560,2,fp32,0.03,finished,33.86644959449768,20.378046764999993,fc-01M47WP97ZDP0TX38ZWH7J7RCV,,2026-10-06T05:58:54.029469+00:00
p41a,kaiming-w5120-d2-lr0.0003-fp32,kaiming,5120,2,fp32,0.0003,finished,13.469678670167923,150.129386049,fc-01M47WP9M2D6PQH31KMM8Q7WZJ,,2026-10-06T05:58:54.435846+00:00
p41a,kaiming-w5120-d2-lr0.001-fp32,kaiming,5120,2,fp32,0.001,finished,22.790476143360138,167.2368967,fc-01M47WP9RF7C1C0FGZ51TK8XTR,,2026-10-06T05:58:54.807023+00:00
p41a,kaiming-w5120-d2-lr0.003-fp32,kaiming,5120,2,fp32,0.003,finished,13.045358657836914,157.598443708,fc-01M47WPA4X1FS2XMNEEB3KNWK0,,2026-10-06T05:58:54.947424+00:00
p41a,kaiming-w5120-d2-lr0.01-fp32,kaiming,5120,2,fp32,0.01,finished,25.47777485847473,155.20710456900002,fc-01M47WPA8H3FP5CQV9Y0BYTNSQ,,2026-10-06T05:58:55.076825+00:00
p41a,kaiming-w5120-d2-lr0.03-fp32,kaiming,5120,2,fp32,0.03,finished,64.47594785690308,158.96443707000003,fc-01M47WPACF50M3K6FK7BW39012,,2026-10-06T05:58:55.190701+00:00
p41a,mup-w640-d2-lr0.001-fp32,mup,640,2,fp32,0.001,finished,6.909419059753418,2.506430347999995,fc-01M47WPAG6A5NN24B5RZR8NJD9,,2026-10-06T05:58:55.324003+00:00
p41a,mup-w640-d2-lr0.003-fp32,mup,640,2,fp32,0.003,finished,7.237392783164978,2.5193703399999947,fc-01M47WPAM8P9ECNP5CPVV52098,,2026-10-06T05:58:55.443317+00:00
p41a,mup-w640-d2-lr0.01-fp32,mup,640,2,fp32,0.01,finished,8.327460289001465,2.597258049000004,fc-01M47WPAR0BTEPFZTR4SYRY99Q,,2026-10-06T05:58:55.569981+00:00
p41a,mup-w640-d2-lr0.03-fp32,mup,640,2,fp32,0.03,finished,12.084709644317627,2.5249713930000155,fc-01M47WPAW1F2J9B52Y2QZN41T2,,2026-10-06T05:58:55.705290+00:00
p41a,mup-w640-d2-lr0.1-fp32,mup,640,2,fp32,0.1,finished,23.865065813064575,2.5291092120000087,fc-01M47WPB06WH2ATKHPWCRD6F05,,2026-10-06T05:58:55.826860+00:00
p41a,mup-w2560-d2-lr0.001-fp32,mup,2560,2,fp32,0.001,finished,6.746387988328934,20.721441411,fc-01M47WPB431J2FFP9APB0YHGFC,,2026-10-06T05:58:55.951371+00:00
p41a,mup-w2560-d2-lr0.01-fp32,mup,2560,2,fp32,0.01,finished,8.542382299900055,20.73639583299999,fc-01M47WPB7V0PFQE6PYT77B8NP1,,2026-10-06T05:58:56.080131+00:00
p41a,mup-w2560-d2-lr0.03-fp32,mup,2560,2,fp32,0.03,finished,18.799710631370544,20.716705509000008,fc-01M47WPBBW33DTT258C71YRDZ5,,2026-10-06T05:58:56.220311+00:00
p41a,mup-w2560-d2-lr0.1-fp32,mup,2560,2,fp32,0.1,finished,29.190784335136414,20.51425136399999,fc-01M47WPBGAPWH25K2KXN7C0PAH,,2026-10-06T05:58:56.346206+00:00
p41a,mup-w5120-d2-lr0.001-fp32,mup,5120,2,fp32,0.001,finished,6.744479015469551,164.82079648599995,fc-01M47WPBM6VGRBSGFHFE242FHP,,2026-10-06T05:58:56.464792+00:00
p41a,mup-w5120-d2-lr0.01-fp32,mup,5120,2,fp32,0.01,finished,8.260032057762146,158.88227817099994,fc-01M47WPBQWK690Y8ZJ49QHBNHZ,,2026-10-06T05:58:56.587736+00:00
p41a,mup-w5120-d2-lr0.03-fp32,mup,5120,2,fp32,0.03,finished,15.293313831090927,159.63623517600013,fc-01M47WPBVPWEA00WP4S4BJE5NJ,,2026-10-06T05:58:56.702938+00:00
p41a,mup-w5120-d2-lr0.1-fp32,mup,5120,2,fp32,0.1,finished,27.261655628681183,156.354543809,fc-01M47WPBZGK428XB9JT142XVTB,,2026-10-06T05:58:56.827635+00:00
p41c,mup-w64-d2-lr0.001-mp,mup,64,2,mp,0.001,finished,8.583088755607605,6.039389682000001,fc-01M47WX5CSM90N24EK26ZQ0WS2,,2026-10-06T06:02:39.460176+00:00
p41c,mup-w64-d2-lr0.003-mp,mup,64,2,mp,0.003,finished,8.041925072669983,0.9026876109999993,fc-01M47WX5GPJ9H917NY6QQ5Q9RZ,,2026-10-06T06:02:39.595163+00:00
p41c,mup-w64-d2-lr0.01-mp,mup,64,2,mp,0.01,finished,7.053823351860046,0.841501371999998,fc-01M47WX5MRFY0P68HTKBZDXZ5F,,2026-10-06T06:02:39.713549+00:00
p41c,mup-w64-d2-lr0.03-mp,mup,64,2,mp,0.03,finished,7.048192620277405,0.8290694420000015,fc-01M47WX5RCXWCV8EM5J1TQR9WW,,2026-10-06T06:02:39.831099+00:00
p41c,mup-w64-d2-lr0.1-mp,mup,64,2,mp,0.1,finished,8.463725090026855,0.7841134089999997,fc-01M47WX5W3AWDM5JW946E84QSG,,2026-10-06T06:02:39.948296+00:00
p41c,mup-w64-d100-lr0.001-mp,mup,64,100,mp,0.001,finished,8.211307048797607,30.043883364,fc-01M47WX5ZSD5T3SF00XHEWQZZ9,,2026-10-06T06:02:40.074983+00:00
p41c,mup-w64-d100-lr0.003-mp,mup,64,100,mp,0.003,finished,7.879690051078796,28.456833152,fc-01M47WX63S7M38K3Y08RXJ2QJ2,,2026-10-06T06:02:40.199507+00:00
p41c,mup-w64-d100-lr0.01-mp,mup,64,100,mp,0.01,finished,7.156367659568787,28.359486491,fc-01M47WX67PBZRD6ZPEYN9CG2M0,,2026-10-06T06:02:40.320620+00:00
p41c,mup-w64-d100-lr0.03-mp,mup,64,100,mp,0.03,finished,7.122885584831238,28.644107110000007,fc-01M47WX6BNYPDH5PC8YK5P0D1A,,2026-10-06T06:02:40.460068+00:00
p41c,mup-w64-d100-lr0.1-mp,mup,64,100,mp,0.1,finished,8.884083986282349,28.158826360999996,fc-01M47WX6FX08RJB10SX0Y6JK51,,2026-10-06T06:02:40.603487+00:00
p41c,depth_mup-w64-d100-lr0.001-mp,depth_mup,64,100,mp,0.001,finished,8.575170040130615,27.599142545999996,fc-01M47WX6MBCD2CPWR55ZRRYPM6,,2026-10-06T06:02:40.728307+00:00
p41c,depth_mup-w64-d100-lr0.003-mp,depth_mup,64,100,mp,0.003,finished,8.059053659439087,28.67491688300001,fc-01M47WX6RAAF0EXATCDA6JPZ65,,2026-10-06T06:02:40.867320+00:00
p41c,depth_mup-w64-d100-lr0.01-mp,depth_mup,64,100,mp,0.01,finished,7.092437148094177,30.254045098000006,fc-01M47WX6WFT46WQG156HK9N8JE,,2026-10-06T06:02:40.991309+00:00
p41c,depth_mup-w64-d100-lr0.03-mp,depth_mup,64,100,mp,0.03,finished,7.009001314640045,29.97349415100001,fc-01M47WX70GW6A4W51VCPSREVN3,,2026-10-06T06:02:41.118029+00:00
p41c,depth_mup-w64-d100-lr0.1-mp,depth_mup,64,100,mp,0.1,finished,8.454458951950073,29.200640789000033,fc-01M47WX74D38DB14R5AFQFX0YA,,2026-10-06T06:02:41.240023+00:00
p41c,completep-w64-d100-lr0.001-mp,completep,64,100,mp,0.001,finished,8.580942153930664,28.472588137999992,fc-01M47WX785HBE4CP2ECC67SV66,,2026-10-06T06:02:41.358763+00:00
p41c,completep-w64-d100-lr0.01-mp,completep,64,100,mp,0.01,finished,7.020694077014923,29.10069931199996,fc-01M47WX7BW0GZRHREP4BHCP4S5,,2026-10-06T06:02:41.517855+00:00
p41c,completep-w64-d100-lr0.03-mp,completep,64,100,mp,0.03,finished,7.0722960233688354,28.66756873899999,fc-01M47WX7H80DM64SZTEKBGR4WY,,2026-10-06T06:02:41.775636+00:00
p41c,completep-w64-d100-lr0.1-mp,completep,64,100,mp,0.1,finished,8.46100378036499,28.909342166999977,fc-01M47WX7TNG6AWTHKD5WY8EFFB,,2026-10-06T06:02:41.961075+00:00
p41c,mup-w64-d1000-lr0.001-mp,mup,64,1000,mp,0.001,finished,8.168549299240112,276.774522015,fc-01M47WX85T9A2XT0JEKXCJPS9V,,2026-10-06T06:02:42.313672+00:00
p41c,mup-w64-d1000-lr0.003-mp,mup,64,1000,mp,0.003,finished,7.85512387752533,271.533120384,fc-01M47WX89Q2DBWWAYAW3KAX5X3,,2026-10-06T06:02:42.433778+00:00
p41c,mup-w64-d1000-lr0.01-mp,mup,64,1000,mp,0.01,finished,7.1998414397239685,276.03963249900005,fc-01M47WX8DJ1KGJ9NHN2B7WXPNT,,2026-10-06T06:02:42.561574+00:00
p41c,mup-w64-d1000-lr0.03-mp,mup,64,1000,mp,0.03,finished,7.192137658596039,274.0733619,fc-01M47WX8HJY4CXHW1RH43Z9SZY,,2026-10-06T06:02:42.696602+00:00
p41c,mup-w64-d1000-lr0.1-mp,mup,64,1000,mp,0.1,finished,9.478217601776123,276.98456275700005,fc-01M47WX8NSX8SV7G7J6CM6HBJ8,,2026-10-06T06:02:42.826237+00:00
p41c,depth_mup-w64-d1000-lr0.001-mp,depth_mup,64,1000,mp,0.001,finished,8.490589261054993,288.20893944,fc-01M47WX8SQJ4XM1P4S66GQ769D,,2026-10-06T06:02:42.948420+00:00
p41c,depth_mup-w64-d1000-lr0.003-mp,depth_mup,64,1000,mp,0.003,finished,7.9016634821891785,305.7924744499999,fc-01M47WX8XKC39CG7G3SKTA0D2W,,2026-10-06T06:02:43.087908+00:00
p41c,depth_mup-w64-d1000-lr0.01-mp,depth_mup,64,1000,mp,0.01,finished,7.030048429965973,299.29628359799995,fc-01M47WX91YK7VJB4E5G25AYT9B,,2026-10-06T06:02:43.235419+00:00
p41c,depth_mup-w64-d1000-lr0.03-mp,depth_mup,64,1000,mp,0.03,finished,7.024816334247589,287.05429157399976,fc-01M47WX96GEJ4KKSWBK7B02AZS,,2026-10-06T06:02:43.355846+00:00
p41c,depth_mup-w64-d1000-lr0.1-mp,depth_mup,64,1000,mp,0.1,finished,8.38684093952179,287.55962152899974,fc-01M47WX9AENFM9JD7HB19PV6SE,,2026-10-06T06:02:43.494309+00:00
p41c,completep-w64-d1000-lr0.001-mp,completep,64,1000,mp,0.001,finished,8.575573325157166,299.61648615900003,fc-01M47WX9ER7AKCSJYFFE4D5E90,,2026-10-06T06:02:43.620838+00:00
p41c,completep-w64-d1000-lr0.01-mp,completep,64,1000,mp,0.01,finished,7.066848576068878,291.76296833000015,fc-01M47WX9MH8JS4JMKPY0EGVB4W,,2026-10-06T06:02:43.808369+00:00
p41c,completep-w64-d1000-lr0.03-mp,completep,64,1000,mp,0.03,finished,7.226408302783966,281.12612052999975,fc-01M47WX9REG4M6EZ6Y9NZXETZH,,2026-10-06T06:02:43.939848+00:00
p41c,completep-w64-d1000-lr0.1-mp,completep,64,1000,mp,0.1,finished,8.272397637367249,280.82475124099983,fc-01M47WX9WGZ87GCRMJ3BZHR1QG,,2026-10-06T06:02:44.067146+00:00
p41a,kaiming-w2560-d2-lr0.0001-fp32,kaiming,2560,2,fp32,0.0001,finished,7.313084691762924,22.630232701,fc-01M47X6V5M6KA5W5Q75T5R5DN5,,2026-10-06T06:07:56.694545+00:00
p41a,kaiming-w2560-d2-lr3e-05-fp32,kaiming,2560,2,fp32,3e-05,finished,8.021174907684326,20.413676423,fc-01M47X6VAQ980Z50RJ8PM2PKTS,,2026-10-06T06:07:56.838166+00:00
p41a,kaiming-w5120-d2-lr0.0001-fp32,kaiming,5120,2,fp32,0.0001,finished,7.668752893805504,75.860892995,fc-01M47X6VMWNG7G2BVZJ1H6B1RD,,2026-10-06T06:07:57.155842+00:00
p41a,kaiming-w5120-d2-lr3e-05-fp32,kaiming,5120,2,fp32,3e-05,finished,7.537532866001129,72.797693537,fc-01M47X6VRM6CHZG0Q6VGFRPTFF,,2026-10-06T06:07:57.277209+00:00
p41a,mup-w640-d2-lr0.0003-fp32,mup,640,2,fp32,0.0003,finished,7.879376292228699,2.509323164999998,fc-01M47X6VWFG2MZJ7ZQXXJ1088A,,2026-10-06T06:07:57.415677+00:00
p41a,mup-w2560-d2-lr0.0003-fp32,mup,2560,2,fp32,0.0003,finished,7.586808383464813,19.924114441,fc-01M47X6W0RK02DABR6T3KGVE75,,2026-10-06T06:07:57.543896+00:00
p41a,mup-w5120-d2-lr0.0003-fp32,mup,5120,2,fp32,0.0003,finished,7.527232840657234,74.03422664799999,fc-01M47X6W4Y06RPDSW3E6QWC7BG,,2026-10-06T06:07:57.705755+00:00
p41a,kaiming-w5120-d2-lr1.5e-05-fp32,kaiming,5120,2,fp32,1.5e-05,finished,7.8418498784303665,75.01925211599999,fc-01M47Y5WXNZFAZ160D70B7QDS0,,2026-10-06T06:24:54.261649+00:00
p41c,mup-w64-d2-lr0.02-mp,mup,64,2,mp,0.02,finished,6.846164524555206,3.5003716349999996,fc-01M483ZVPWTHVR96HCJBVB664Z,,2026-10-06T08:06:27.885443+00:00
p41c,mup-w64-d100-lr0.02-mp,mup,64,100,mp,0.02,finished,7.0774436593055725,36.342334256,fc-01M483ZVVDNN1W5E95RKCM4BJH,,2026-10-06T08:06:28.035564+00:00
p41c,depth_mup-w64-d100-lr0.02-mp,depth_mup,64,100,mp,0.02,finished,6.822455644607544,35.579431027000005,fc-01M483ZW0A4AW3XMWEGKZC25NH,,2026-10-06T08:06:28.201543+00:00
p41c,completep-w64-d100-lr0.02-mp,completep,64,100,mp,0.02,finished,6.827925622463226,35.628019325,fc-01M483ZW5B7RR4S2KPZ236FYM1,,2026-10-06T08:06:28.338421+00:00
p41c,mup-w64-d1000-lr0.02-mp,mup,64,1000,mp,0.02,finished,7.077078640460968,387.76513127000004,fc-01M483ZWFV8TH9V7XBMSYRX8BC,,2026-10-06T08:06:28.676482+00:00
p41c,depth_mup-w64-d1000-lr0.02-mp,depth_mup,64,1000,mp,0.02,finished,6.978635549545288,365.843697027,fc-01M483ZWM39VDTH7722HC8DW9J,,2026-10-06T08:06:28.816522+00:00
p41c,completep-w64-d1000-lr0.02-mp,completep,64,1000,mp,0.02,finished,6.899921953678131,366.09185174799984,fc-01M483ZWR8VXEDXFPTHXVG7MKR,,2026-10-06T08:06:28.946522+00:00
p42a,mup-w128-d8-lr0.003,mup,128,8,mp,0.003,finished,3.616189956665039,218.63598673500002,fc-01M47WJP3X0JY2B9NQQYGN01JY,https://wandb.ai/suzevana/assignments/runs/e34np2k7,2026-10-06T05:56:56.137568+00:00
p42a,baseline-w128-d8-lr0.00075,baseline,128,8,mp,0.00075,finished,4.175268173217773,193.939302505,fc-01M47WZ7R4V9ATY8PB1EX2MWK9,https://wandb.ai/suzevana/assignments/runs/8us4gs6u,2026-10-06T06:03:47.411365+00:00
p42a,baseline-w128-d8-lr0.0015,baseline,128,8,mp,0.0015,finished,3.8908185958862305,75.626914014,fc-01M47WZ7VYG3GRMFM1CNYWEA0S,https://wandb.ai/suzevana/assignments/runs/k4800rli,2026-10-06T06:03:47.542687+00:00
p42a,baseline-w128-d8-lr0.003,baseline,128,8,mp,0.003,finished,3.6940348148345947,75.63704235700004,fc-01M47WZ804F7E3TTWTCJWZ0HJN,https://wandb.ai/suzevana/assignments/runs/b7k6bkz6,2026-10-06T06:03:47.693566+00:00
p42a,baseline-w128-d8-lr0.006,baseline,128,8,mp,0.006,finished,3.6274445056915283,75.61594626499999,fc-01M47WZ85FYABCJJMGW4KWCAR7,https://wandb.ai/suzevana/assignments/runs/tn65k1lj,2026-10-06T06:03:47.833808+00:00
p42a,baseline-w128-d8-lr0.012,baseline,128,8,mp,0.012,finished,3.629845142364502,77.64254946599999,fc-01M47WZ894BJTAMENKJC3RFPGS,https://wandb.ai/suzevana/assignments/runs/uq5otkxt,2026-10-06T06:03:47.952798+00:00
p42a,baseline-w256-d8-lr0.00075,baseline,256,8,mp,0.00075,finished,3.684272050857544,186.19464818000006,fc-01M47WZ8CV8G0W7AGMEWXVTZZT,https://wandb.ai/suzevana/assignments/runs/yql5vhxa,2026-10-06T06:03:48.077269+00:00
p42a,baseline-w256-d8-lr0.0015,baseline,256,8,mp,0.0015,finished,3.48942494392395,124.03544110200005,fc-01M47WZ8GRXXNFJWCVK2PR52QY,https://wandb.ai/suzevana/assignments/runs/33g4yzqn,2026-10-06T06:03:48.210013+00:00
p42a,baseline-w256-d8-lr0.003,baseline,256,8,mp,0.003,finished,3.408085823059082,124.07515050000006,fc-01M47WZ8MWMGNP7WS652WRR9QQ,https://wandb.ai/suzevana/assignments/runs/u1q0xpmk,2026-10-06T06:03:48.333787+00:00
p42a,baseline-w256-d8-lr0.006,baseline,256,8,mp,0.006,finished,3.407451868057251,124.10446812099997,fc-01M47WZ8RW8FK2C9F1Y0M5QVCP,https://wandb.ai/suzevana/assignments/runs/t7j2e5q2,2026-10-06T06:03:48.464881+00:00
p42a,baseline-w256-d8-lr0.012,baseline,256,8,mp,0.012,finished,3.4513728618621826,124.13597708599991,fc-01M47WZ8WW7A3PYQY3NPFAQ74E,https://wandb.ai/suzevana/assignments/runs/ne3y07gq,2026-10-06T06:03:48.585018+00:00
p42a,mup-w128-d8-lr0.00075,mup,128,8,mp,0.00075,finished,3.749894142150879,139.8171934049999,fc-01M47WZ90TSZ2730JTHQQFN2PG,https://wandb.ai/suzevana/assignments/runs/cnoiu1ic,2026-10-06T06:03:48.709117+00:00
p42a,mup-w128-d8-lr0.0015,mup,128,8,mp,0.0015,finished,3.6504299640655518,79.80496564700002,fc-01M47WZ94M3N686B4XEJ40RP1F,https://wandb.ai/suzevana/assignments/runs/evx133rq,2026-10-06T06:03:48.841036+00:00
p42a,mup-w128-d8-lr0.006,mup,128,8,mp,0.006,finished,3.645965576171875,79.65119107700002,fc-01M47WZ98N2TG48F3E81NZXSMQ,https://wandb.ai/suzevana/assignments/runs/zzole2ro,2026-10-06T06:03:48.967342+00:00
p42a,mup-w128-d8-lr0.012,mup,128,8,mp,0.012,finished,3.69453501701355,79.64810598400004,fc-01M47WZ9CTB0QZFW6BG11TNV11,https://wandb.ai/suzevana/assignments/runs/7768zgnu,2026-10-06T06:03:49.103024+00:00
p42a,mup-w256-d8-lr0.00075,mup,256,8,mp,0.00075,finished,3.507189989089966,171.04309276499998,fc-01M47WZ9GSB4Z59YASGGFP3R3D,https://wandb.ai/suzevana/assignments/runs/vox8tt7e,2026-10-06T06:03:49.217289+00:00
p42a,mup-w256-d8-lr0.0015,mup,256,8,mp,0.0015,finished,3.4115400314331055,121.76330842800007,fc-01M47WZ9MBD3EP63EVKV4FQTR7,https://wandb.ai/suzevana/assignments/runs/ekqziyct,2026-10-06T06:03:49.342308+00:00
p42a,mup-w256-d8-lr0.003,mup,256,8,mp,0.003,finished,3.4178292751312256,121.94299011499993,fc-01M47WZ9R8CJSEW2157VEERZCG,https://wandb.ai/suzevana/assignments/runs/k6ssidd9,2026-10-06T06:03:49.458405+00:00
p42a,mup-w256-d8-lr0.006,mup,256,8,mp,0.006,finished,3.452418088912964,121.68382878500006,fc-01M47WZ9VXJKKCF81VFARMB4V9,https://wandb.ai/suzevana/assignments/runs/pr5onyrr,2026-10-06T06:03:49.572545+00:00
p42a,mup-w256-d8-lr0.012,mup,256,8,mp,0.012,finished,3.487511157989502,121.87706383500017,fc-01M47WZ9ZHJNKK15FXFT01PRST,https://wandb.ai/suzevana/assignments/runs/wdik4b7n,2026-10-06T06:03:49.697404+00:00
p42d,mup-w512-d4-lr0.0015,mup,512,4,mp,0.0015,finished,3.3300487995147705,184.930168473,fc-01M47XJ118AFAP5N7NPKTCKRJM,https://wandb.ai/suzevana/assignments/runs/zk247oi7,2026-10-06T06:14:03.121856+00:00
p42d,mup-w512-d4-lr0.003,mup,512,4,mp,0.003,finished,3.3156397342681885,183.796960872,fc-01M47XJ14YABE7T4D9KECEZBXA,https://wandb.ai/suzevana/assignments/runs/mv0hitrx,2026-10-06T06:14:03.243216+00:00
p42d,mup-w512-d4-lr0.006,mup,512,4,mp,0.006,finished,3.3671178817749023,122.050555989,fc-01M47XJ18S4PQB32B3B8JE9G1T,https://wandb.ai/suzevana/assignments/runs/8g1rwquz,2026-10-06T06:14:03.357660+00:00
p42d,mup-w512-d16-lr0.0015,mup,512,16,mp,0.0015,finished,3.1739399433135986,597.297892368,fc-01M47XJ1JSTJZTCTZD5Y1CMJT7,https://wandb.ai/suzevana/assignments/runs/qq610rjo,2026-10-06T06:14:03.686626+00:00
p42d,mup-w512-d16-lr0.003,mup,512,16,mp,0.003,finished,3.1832168102264404,586.0320934099999,fc-01M47XJ1PQCJ526A7QPAW0TXMR,https://wandb.ai/suzevana/assignments/runs/59htcxlj,2026-10-06T06:14:03.819060+00:00
p42d,mup-w512-d16-lr0.006,mup,512,16,mp,0.006,finished,3.249762535095215,418.174298785,fc-01M47XJ1TRDD9VMSZ0HWB2AZCK,https://wandb.ai/suzevana/assignments/runs/a9vmcadr,2026-10-06T06:14:03.936954+00:00
p42d,depth_mup-w512-d4-lr0.0015,depth_mup,512,4,mp,0.0015,finished,3.3257861137390137,148.142704039,fc-01M47XJ1YD6QDXEMWSJH3755WZ,https://wandb.ai/suzevana/assignments/runs/igglyysm,2026-10-06T06:14:04.057165+00:00
p42d,depth_mup-w512-d4-lr0.003,depth_mup,512,4,mp,0.003,finished,3.3479459285736084,148.21607110099995,fc-01M47XJ228D5E61904VP3PEJ90,https://wandb.ai/suzevana/assignments/runs/09dfvu6s,2026-10-06T06:14:04.181806+00:00
p42d,depth_mup-w512-d4-lr0.006,depth_mup,512,4,mp,0.006,finished,3.421260356903076,121.84413120699998,fc-01M47XJ26812YXFSBSJ87V770B,https://wandb.ai/suzevana/assignments/runs/bvcnh3ax,2026-10-06T06:14:04.321965+00:00
p42d,depth_mup-w512-d16-lr0.0015,depth_mup,512,16,mp,0.0015,finished,3.2036449909210205,519.4152947939999,fc-01M47XJ2AJW3VN4118NZV902WD,https://wandb.ai/suzevana/assignments/runs/giosgs70,2026-10-06T06:14:04.457585+00:00
p42d,depth_mup-w512-d16-lr0.003,depth_mup,512,16,mp,0.003,finished,3.1686439514160156,524.405909216,fc-01M47XJ2F3WVK80WQJ0VHX05YH,https://wandb.ai/suzevana/assignments/runs/ytimbc9i,2026-10-06T06:14:04.599959+00:00
p42d,depth_mup-w512-d16-lr0.006,depth_mup,512,16,mp,0.006,finished,3.2236180305480957,424.383171425,fc-01M47XJ2K4YMEJ6M8B2H6E828M,https://wandb.ai/suzevana/assignments/runs/kea0jc7o,2026-10-06T06:14:04.715567+00:00
p42d,completep-w512-d4-lr0.0015,completep,512,4,mp,0.0015,finished,3.332921266555786,163.308384828,fc-01M47XJ2PP0HEA2HWC9QNG4E6F,https://wandb.ai/suzevana/assignments/runs/uvmjhjmw,2026-10-06T06:14:04.832596+00:00
p42d,completep-w512-d4-lr0.003,completep,512,4,mp,0.003,finished,3.315791130065918,164.16440759099999,fc-01M47XJ2TCNEB15CDZ874RVZFM,https://wandb.ai/suzevana/assignments/runs/evr92jk3,2026-10-06T06:14:04.951928+00:00
p42d,completep-w512-d4-lr0.006,completep,512,4,mp,0.006,finished,3.3680849075317383,124.21291935600004,fc-01M47XJ2Y2PZCK3WH3T0GZZQVY,https://wandb.ai/suzevana/assignments/runs/6tyfz9y5,2026-10-06T06:14:05.096114+00:00
p42d,completep-w512-d16-lr0.0015,completep,512,16,mp,0.0015,finished,3.1714253425598145,575.423129669,fc-01M47XJ32WAQEJQMKJEGHTTVVG,https://wandb.ai/suzevana/assignments/runs/scc1szu9,2026-10-06T06:14:05.237279+00:00
p42d,completep-w512-d16-lr0.003,completep,512,16,mp,0.003,finished,3.1759984493255615,556.3510584130001,fc-01M47XJ37FGWJ6YXVHXXBWG738,https://wandb.ai/suzevana/assignments/runs/0mmhero3,2026-10-06T06:14:05.391163+00:00
p42d,completep-w512-d16-lr0.006,completep,512,16,mp,0.006,finished,3.2748913764953613,462.3839824849997,fc-01M47XJ3C52KM99GHYQF30G852,https://wandb.ai/suzevana/assignments/runs/w5qze30u,2026-10-06T06:14:05.591216+00:00
p42d,depth_mup-w512-d4-lr0.00075,depth_mup,512,4,mp,0.00075,finished,3.394827127456665,192.922988445,fc-01M47YS7JNAS1TSD0F64E2XARW,https://wandb.ai/suzevana/assignments/runs/f1fcmtxq,2026-10-06T06:35:27.765335+00:00
p42d,mup-w512-d16-lr0.00075,mup,512,16,mp,0.00075,finished,3.2697856426239014,640.4341069720001,fc-01M4802M5DE8C8G3VBW6GC2H6N,https://wandb.ai/suzevana/assignments/runs/bfyc9ad6,2026-10-06T06:58:04.148344+00:00
p42d,completep-w512-d16-lr0.00075,completep,512,16,mp,0.00075,finished,3.269965410232544,649.378671831,fc-01M481K19WA4EZBD5RCJ5XYE8V,https://wandb.ai/suzevana/assignments/runs/mix769eg,2026-10-06T07:24:30.475780+00:00
p42c,baseline-w1024-d8-lr0.0006294920054280699,baseline,1024,8,mp,0.0006294920054280699,finished,3.156625986099243,583.851701082,fc-01M484KMR05EAXPY86VA4K4T2D,https://wandb.ai/suzevana/assignments/runs/hbc48nk4,2026-10-06T08:17:16.090650+00:00
p42c,baseline-w1024-d8-lr0.0012589840108561399,baseline,1024,8,mp,0.0012589840108561399,finished,3.1105270385742188,499.616863833,fc-01M484KMW6BTJW1DKKANXHFP4D,https://wandb.ai/suzevana/assignments/runs/zvl1j1z5,2026-10-06T08:17:16.213483+00:00
p42c,baseline-w1024-d8-lr0.0015,baseline,1024,8,mp,0.0015,finished,3.136622667312622,499.628491599,fc-01M484KN0454ZAPQAB7514086X,https://wandb.ai/suzevana/assignments/runs/qpxioz9a,2026-10-06T08:17:16.347895+00:00
p42c,baseline-w1024-d8-lr0.0025179680217122797,baseline,1024,8,mp,0.0025179680217122797,finished,3.1996660232543945,503.5899027850003,fc-01M484KN490E7HR0X4N6Q7NG89,https://wandb.ai/suzevana/assignments/runs/k88toaaz,2026-10-06T08:17:16.474616+00:00
p42c,baseline-w1024-d8-lr0.003,baseline,1024,8,mp,0.003,finished,3.2289204597473145,499.404337641,fc-01M484KN84WBXNA7QDPXRNZF38,https://wandb.ai/suzevana/assignments/runs/rpkjwsb7,2026-10-06T08:17:16.614332+00:00
p42c,baseline-w1024-d8-lr0.006,baseline,1024,8,mp,0.006,finished,3.323786973953247,579.9875045340001,fc-01M484KNCPXDX9334FXNNF83DX,https://wandb.ai/suzevana/assignments/runs/0pbf2jsr,2026-10-06T08:17:16.780213+00:00
p42c,mup-w1024-d8-lr0.0009507740744632892,mup,1024,8,mp,0.0009507740744632892,finished,3.188467264175415,557.5524957399998,fc-01M484KNHVY4DWTMFWSPT7TAEF,https://wandb.ai/suzevana/assignments/runs/48nbu2il,2026-10-06T08:17:16.923797+00:00
p42c,mup-w1024-d8-lr0.0015,mup,1024,8,mp,0.0015,finished,3.1252615451812744,555.797662094,fc-01M484KNPM9JFKQXKMRNYXZJ4G,https://wandb.ai/suzevana/assignments/runs/u1ww59fm,2026-10-06T08:17:17.079914+00:00
p42c,mup-w1024-d8-lr0.0019015481489265784,mup,1024,8,mp,0.0019015481489265784,finished,3.1049070358276367,501.3756098879999,fc-01M484KNV9EPG49JN0B18SYER1,https://wandb.ai/suzevana/assignments/runs/5v6tu49w,2026-10-06T08:17:17.229283+00:00
p42c,mup-w1024-d8-lr0.003,mup,1024,8,mp,0.003,finished,3.1019861698150635,505.9141728500001,fc-01M484KNZTTW36RRM5WEHT7A6Y,https://wandb.ai/suzevana/assignments/runs/k4oroets,2026-10-06T08:17:17.366175+00:00
p42c,mup-w1024-d8-lr0.003803096297853157,mup,1024,8,mp,0.003803096297853157,finished,3.1349217891693115,501.3298018110004,fc-01M484KP40JZQ419XE2D0ZRV2P,https://wandb.ai/suzevana/assignments/runs/93p9q4ce,2026-10-06T08:17:17.499072+00:00
p42c,mup-w1024-d8-lr0.006,mup,1024,8,mp,0.006,finished,3.2613070011138916,502.80044378900016,fc-01M484KP9TWNA6SR2V0HYSSAYY,https://wandb.ai/suzevana/assignments/runs/ffw51nm7,2026-10-06T08:17:17.678666+00:00
